<?xml version="1.0"?>

<!--
************************************************************************
YASim aerodynamic model for Albatros D-III SDoE conversion, FDM made/adapted by Lester Boffo.

Specifications: from http://en.wikipedia.org/wiki/Albatros_D.III

General characteristics

    Crew: one
    Length: 7.33 m (24 ft 0 in)
    Wingspan: 9.00 m (29 ft 6 in)
    Height: 2.90 m (9 ft 6 in)
    Wing area: 23.6 m/2 (254 ft/2)
    Empty weight: 695 kg (1,532 lb)
    Loaded weight: 886 kg (1,949 lb)
    Max. takeoff weight: 955 kg (2,105 lb)
    Powerplant: 1 x Mercedes D.IIIa inline water cooled engine, 127 kW (170 hp)

Performance

    Maximum speed: 175 km/h (94 kn, 109 mph) at sea level
    Range: 480 km (261 nmi, 300 mi)
    Service ceiling: 5,500 m (18,044 ft)
    Rate of climb: 4.5 m/s (886ft/min)
    Wing loading: 37.5 kg/m/2 (7.67 lb/ft2)
    Power/mass: 0.13 kW/kg (0.081 hp/lb)

Armament

    2 x 7.92 mm (.312 in) LMG 08/15 machine guns

************************************************************************
-->
<airplane mass="1470">

<!-- Approach configuration -->
<approach speed="47" aoa="7" fuel="0.2">
  <control-setting axis="/controls/engines/engine[0]/throttle" value="0.19"/>
  <control-setting axis="/controls/engines/engine[0]/mixture" value="1.0"/>
</approach>

<!-- Cruise configuration -->
<cruise speed="106" alt="5000" fuel="0.6">
  <control-setting axis="/controls/engines/engine[0]/throttle" value="0.9"/>
  <control-setting axis="/controls/engines/engine[0]/mixture" value="0.79"/>
</cruise>

<!-- pilot's eyepoint -->
<cockpit x="-0.62" y="0" z="0.62"/>

<fuselage ax="1.87" ay="0.0" az="0.0" bx="0.41" by="0.0" bz="0.031" width="0.870" taper="0.25" midpoint="1.0"/>
<fuselage ax="0.41" ay="0.0" az="0.031" bx="-1.15" by="0.0" bz="0.017" width="1.09" taper="0.78" midpoint="0.32" cy="0.94" cz="1.04"/>
<fuselage ax="-1.15" ay="0.0" az="0.017" bx="-4.88" by="0.0" bz="0.0" width="0.714" taper="0.15" midpoint="0.0" cy="0.78" cz="0.687"/>


<!--Main Wing -->
<wing x="0.1" y="0.0" z="0.92"
          length="4.453" 
          chord="1.53"
          taper="1.17"
          incidence="0.25"
          twist="-1.5"
          sweep="3.0"
          dihedral="1.25"
          camber="0.095">
  <stall aoa="15" width="3" peak="1.5"/>
  <flap1 start="0.62" end="1.0" lift="1.5" drag="1.17"/>
        <control-input axis="/controls/flight/aileron" control="FLAP1" split="true"/>
        <control-input axis="/controls/flight/aileron-trim" control="FLAP1" split="true"/>
      
        <control-output control="FLAP1" side="left" prop="/surface-positions/left-aileron-pos-norm"/>
        <control-output control="FLAP1" side="right" prop="/surface-positions/right-aileron-pos-norm"/>
</wing>


  <!-- Wing down -->
  <mstab x="-0.05" y="0.43" z="-0.39" 
        chord="1.142" 
        length="3.90" 
        taper="1" 
        incidence="0.0"
        twist="-1.5"
        sweep="6.0"
        dihedral="4.25" 
        camber="0.075">
        <stall aoa="16" width="3.25" peak="1.5"/>
  </mstab>


<hstab x="-4.426" y="0.08" z="0.007"
       chord="2.114"
       length="1.34"
       effectiveness="1.6"
       taper="0.29"
       incidence="0.0"
       camber="0.02"
       sweep="7.25">
  <stall aoa="20" width="5" peak="2.5"/>
  <flap0 start="0.0" end="1.0" lift="1.75" drag="1.20"/>
  <control-input axis="/controls/flight/elevator" control="FLAP0"/>
  <control-input axis="/controls/flight/elevator-trim" control="FLAP0"/>
  <control-output control="FLAP0" prop="/surface-positions/elevator-pos-norm"/>
</hstab>

<!-- rudder has to be able to counteract aileron drag -->
<vstab x="-4.112" y="0" z="0.145"
       taper="0.20" 
       length="0.83"
       chord="1.61"
       effectiveness="1.4"
       sweep="16">
  <stall aoa="22" width="5" peak="2.5"/>
  <flap0 start="-0.4" end="1" lift="1.45" drag="1.35"/>
  <control-input axis="/controls/flight/rudder" square="true" control="FLAP0" invert="true"/>
  <control-input axis="/controls/flight/rudder-trim" control="FLAP0" invert="true"/>
  <control-output control="FLAP0" prop="/surface-positions/rudder-pos-norm"
    min="1" max="-1"/>
</vstab>

<!-- Mercedes D.III (http://en.wikipedia.org/wiki/Mercedes_D.III

General characteristics

    Type: 6-cyl. water-cooled in-line piston engine
    Bore: 140 mm (5.51 in)
    Stroke: 160 mm (6.30 in)
    Displacement: 14.8 l (903.15 cu in)
    Length: 1,650 mm (64.96 in)
    Width: 490 mm (19.29 in)
    Height: 1,070 mm (42.13 in)
    Dry weight: 310 kg (683 lb)

Components

    Valvetrain: SOHC rocker operated single inlet and exhaust valves.
    Fuel system: Dual Mercedes twin-jet carburettors
    Fuel type: Gasoline
    Oil system: Pressure system; multiple plunger pump
    Cooling system: Water-cooled

Performance

    Power output: 129.75 kW (174 hp) at 1,400 rpm (rated power at sea level), 152.12 kW (204 hp) at 1,600 rpm (maximum power at altitude)
    Specific power: 0.2259 hp/cu in (10.281 kW/l)
    Compression ratio: 4.64:1
    Specific fuel consumption: 0.412 l/kW/hour (0.541 pt/hp/hour)
    Oil consumption: 0.28 oz/(hp-h) (11 g/(kW-h))
    Power-to-weight ratio: 0.58 hp/lb (1.45 kW/kg)  -->



<propeller x="1.00" y="0.0" z="0.22" 
           radius="1.39" 
           mass="683"
           moment="11"
           blades="2"
           cruise-power="158"
           cruise-alt="5000"
           cruise-speed="106" 
           cruise-rpm="1310"
           takeoff-power="170"
           takeoff-rpm="1400">
       <actionpt x="1.70" y="0.0" z="0.0" />
             <piston-engine eng-rpm="1400"
                            alt="5000"
                            eng-power="170"
                            bore="5.51"
                            stroke="6.3"
                            compression="4.65"
                            min-throttle="0.057"
                            displacement="903.2"/>
             <control-input control="THROTTLE" axis="/controls/engines/engine[0]/throttle" />
             <control-input control="STARTER" axis="/controls/engines/engine[0]/starter" />
             <control-input control="MAGNETOS" axis="/controls/engines/engine[0]/magnetos" />
             <control-input control="MIXTURE" axis="/controls/engines/engine[0]/mixture" />
  </propeller>

 <!-- left main -->
<gear x="0.40" y="0.891" z="-1.65"
        compression="0.19"
        spring="0.93"
        damp="2.6"
        rebound-damp="0.9"
        dfric="1.07"
        sfric ="0.6">
  <control-input axis="/controls/gear/brake-left" control="BRAKE"/>
  <control-input axis="/controls/gear/brake-parking" control="BRAKE" split="true"/>
</gear>

 <!-- right main -->
<gear x="0.40" y="-0.891" z="-1.65" 
        compression="0.19"
        spring="0.93"
        damp="2.6"
        rebound-damp="0.9"
        dfric="1.07"
        sfric ="0.6">
  <control-input axis="/controls/gear/brake-right" control="BRAKE"/>
  <control-input axis="/controls/gear/brake-parking" control="BRAKE" split="true"/>
</gear>

<!-- Tail wheel -->

<gear x="-4.496" y="0" z="-0.703"
         compression="0.047"
         spring="1.35"
         damp="4"
         castering="1"
         dfric="0.89"
         sfric="0.50">
  <control-input axis="/controls/flight/rudder" control="STEER" src0="-1.0" src1="1.0" dst0="0.39" dst1="-0.39"/>
</gear>


  <!-- Fuel  -->  
<!-- Guess on fuel tank position -->
<tank x="0.150" y="0" z="0.424" capacity="189.5"/> 

  <!-- simulated pilot and cargo weight -->

 <!-- <weight x="-0.72" y="0" z="0.103" mass-prop="/sim/weight[0]/weight-lb"/> -->

<ballast x="-0.25" y="0" z="-0.709" mass="120"/>

</airplane>
