<?xml version="1.0" encoding="UTF-8"?>

<PropertyList>

  <chase-distance-m type="double" archive="y"> -15 </chase-distance-m>

  <view n="100">
    <name>Tail Camera View</name>
    <type>lookfrom</type>
    <internal archive="y">true</internal>
    <config>
      <from-model type="bool">true</from-model>
      <from-model-idx type="int">0</from-model-idx>
      <ground-level-nearplane-m type="double">0.01f</ground-level-nearplane-m>
      <x-offset-m archive="y"> 0.000 </x-offset-m> <!--Right-->
      <y-offset-m archive="y"> 1.666 </y-offset-m> <!--Up-->
      <z-offset-m archive="y"> 4.700 </z-offset-m> <!--Back-->
      <pitch-offset-deg> -5 </pitch-offset-deg>
      <default-field-of-view-deg type="double"> 60 </default-field-of-view-deg>
    </config>
  </view>

   <view n="101">
    <name>Gun-Sight View</name>
    <type>lookfrom</type>
    <internal archive="y">true</internal>
    <config>
      <from-model type="bool">true</from-model>
      <from-model-idx type="int">0</from-model-idx>
      <ground-level-nearplane-m type="double">0.01f</ground-level-nearplane-m>
      <x-offset-m archive="y"> -0.014 </x-offset-m> <!--Right-->
      <y-offset-m archive="y"> 0.69 </y-offset-m> <!--Up-->
      <z-offset-m archive="y"> 0.783 </z-offset-m> <!--Back-->
      <pitch-offset-deg> 0 </pitch-offset-deg>
      <default-field-of-view-deg type="double"> 30 </default-field-of-view-deg>
    </config>
  </view>

  <view n="0">
    <internal archive="y">true</internal>
    <config>
      <dynamic-view type="bool">true</dynamic-view>
      <x-offset-m archive="y">0</x-offset-m>
      <y-offset-m archive="y">0.72</y-offset-m>
      <z-offset-m archive="y">0.823</z-offset-m>
      <pitch-offset-deg archive="y">-4.0</pitch-offset-deg>
      <default-field-of-view-deg> 70 </default-field-of-view-deg>
    </config>
  </view>

  <view n="1">
    <config>
      <target-z-offset-m archive="y" type="double"> 0 </target-z-offset-m>
    </config>
  </view>

  <view n="2">
    <config>
      <target-z-offset-m archive="y" type="double"> 0 </target-z-offset-m>
    </config>
  </view>

  <view n="3">
    <config>
      <target-z-offset-m archive="y" type="double"> 0 </target-z-offset-m>
    </config>
  </view>

  <view n="4">
    <config>
      <target-z-offset-m archive="y" type="double"> 0 </target-z-offset-m>
    </config>
  </view>

  <view n="5">
    <config>
      <target-z-offset-m archive="y" type="double"> 0 </target-z-offset-m>
    </config>
  </view>

  <view n="6">
    <config>
      <target-z-offset-m archive="y" type="double"> 0 </target-z-offset-m>
    </config>
  </view>

</PropertyList>
