<?xml version="1.0" encoding="UTF-8"?>

<PropertyList>

  <default>
    <menu n="10">
      <label>Albatros DIII</label>
      <enabled type="bool">true</enabled>
			<item>
				<label>Reload guns</label>
				<binding>
					<command>nasal</command>
					<script>guns.reload_guns();</script>
				</binding>
			</item>
			<item>
				<label>Unlimited guns</label>
				<binding>
					<command>nasal</command>
					<script>guns.unlimited_guns();</script>
				</binding>
			</item>
  	</menu>
  </default>

</PropertyList>

