<?xml version="1.0" encoding="ISO-8859-1"?>
 
<PropertyList>

  <fx>
 
    <crank>
      <name>engstart</name>
      <path>Aircraft/Albatros-DIII/Sounds/starter.wav</path>
      <property>/engines/engine/cranking</property>
      <volume>
        <offset>0.4</offset>
      </volume>
      <reference-dist>100</reference-dist>
      <max-dist>1000</max-dist>
    </crank>

    <crank>
      <name>crank</name>
      <mode>looped</mode>
      <path>Sounds/cranking.wav</path>
      <condition>
        <property>/engines/engine/cranking</property>
        <not>
          <property>/engines/engine/running</property>
        </not>
      </condition>
      <volume>
        <offset>0.5</offset>
      </volume>
      <reference-dist>100</reference-dist>
      <max-dist>1000</max-dist>
    </crank>

    <crank>
      <name>cough</name>
      <path>Sounds/coughing.wav</path>
      <property>/engines/engine/running</property>
      <volume>
        <offset>0.3</offset>
      </volume>
      <reference-dist>100</reference-dist>
      <max-dist>1000</max-dist>
    </crank>

    <engine>
      <name>engine</name>
      <path>Aircraft/Albatros-DIII/Sounds/running.wav</path>
      <mode>looped</mode>
      <property>/engines/engine/running</property>
      <volume>
        <property>/engines/engine/mp-osi</property>
        <factor>0.035</factor>
        <min>0.15</min>
        <max>1.0</max>
        <offset>0.15</offset>
      </volume>
      <pitch>
        <property>/engines/engine/rpm</property>
        <factor>0.0008</factor>
        <min>0.3</min>
        <max>1.0</max>
        <offset>0.3</offset>
      </pitch>
      <reference-dist>100</reference-dist>
      <max-dist>1000</max-dist>
    </engine>

      <propeller>
      <name>propeller</name>
      <mode>looped</mode>
      <path>Aircraft/Albatros-DIII/Sounds/mercedes1.wav</path>
      <property>/engines/engine/running</property>
      <volume>
        <property>/orientation/alpha-deg</property>
        <type>log</type>
        <min>0.2</min>
        <max>1.0</max>
      </volume>
      <volume>
        <property>/sim/current-view/internal</property>
        <factor>0.5</factor>
      </volume>
      <pitch>
        <property>/engines/engine/mp-osi</property>
        <factor>0.0036</factor>
        <min>0.5</min>
        <max>2.0</max>
        <offset>0.9</offset>
      </pitch>
      <reference-dist>100</reference-dist>
      <max-dist>1000</max-dist>
    </propeller>

    <rumble>
      <name>rumble</name>
      <mode>looped</mode>
      <path>Sounds/rumble.wav</path>
      <condition>
        <or>
          <property>/gear/gear[0]/wow</property>
          <property>/gear/gear[1]/wow</property>
          <property>/gear/gear[2]/wow</property>
        </or>
      </condition>
      <volume>
        <property>/velocities/airspeed-kt</property>
        <type>log</type>
        <factor>0.25</factor>
      </volume>
      <reference-dist>100</reference-dist>
      <max-dist>1000</max-dist>
    </rumble>

    <squeal>
      <name>squeal</name>
      <path>Sounds/squeal.wav</path>
      <condition>
        <or>
          <property>/gear/gear[0]/wow</property>
          <property>/gear/gear[1]/wow</property>
          <property>/gear/gear[2]/wow</property>
        </or>
      </condition>
      <volume>
        <property>/velocities/speed-down-fps</property>
        <factor>0.5</factor>
        <max>1.0</max>
      </volume>
      <volume>
        <property>/velocities/airspeed-kt</property>
        <factor>0.01</factor>
        <max>1.0</max>
      </volume>
      <volume>
        <internal>dt_stop</internal>
        <factor>0.05</factor>
        <max>1.0</max>
      </volume>
      <pitch>
        <property>/velocities/airspeed-kt</property>
        <factor>0.0025</factor>
        <offset>1.2</offset>
      </pitch>
      <reference-dist>100</reference-dist>
      <max-dist>1000</max-dist>
    </squeal>
 
    <wind>
      <name>wind</name>
      <mode>looped</mode>
      <path>Sounds/wind.wav</path>
      <property>velocities/airspeed-kt</property>
      <volume>
        <property>position/altitude-ft</property>
        <factor>-0.000015</factor>
        <offset>1.0</offset>
        <min>0.1</min>
        <max>1.0</max>
      </volume>
      <volume>
        <property>velocities/airspeed-kt</property>
        <factor>0.003</factor>
        <min>0.03</min>
        <max>1.2</max>
      </volume>
      <pitch>
        <property>velocities/airspeed-kt</property>
        <factor>0.003</factor>
        <offset>1.25</offset>
      </pitch>
      <reference-dist>100</reference-dist>
      <max-dist>1000</max-dist>
    </wind>

     <stall>
      <name>stall</name>
      <mode>looped</mode>
      <path>Aircraft/Albatros-DIII/Sounds/stallbuffet.wav</path>
      <condition>
        <and>
          <property>/sim/alarms/stall-warning</property>
          <greater-than>
            <property>/velocities/airspeed-kt</property>
            <value>10</value>
          </greater-than>
          <not>
            <property>/gear/gear[0]/wow</property>
            <property>/gear/gear[1]/wow</property>
            <property>/gear/gear[2]/wow</property>
          </not>
        </and>
      </condition>
      <volume>
        <property>/sim/alarms/stall-warning</property>
        <max>1.0</max>
      </volume>
      <reference-dist>10.0</reference-dist>
      <max-dist>20.0</max-dist>
    </stall>

    <guns> 
      <name>gunfire</name>
      <mode>looped</mode>
      <path>Aircraft/Albatros-DIII/Sounds/gunfire.wav</path>
      <condition> 
        <property>controls/armament/trigger</property>
        <property>ai/submodels/submodel/count</property>
      </condition>
      <volume> 
        <factor>1.2</factor>
        <max>1.0</max>
      </volume>
    </guns>

  </fx>

</PropertyList>
